tt,Page,BrandLocale,AV-CA,AV-US,BB-CA,BB-US,BU-CA,BU-US,CL-CA,CL-US,DA-CA,DA-US,DJ-US,EL-CA,EL-US,FM-US,GG-US,JM-CA,JM-US,LM-CA,LM-US,LS-US,MC-CA,MC-US,OR-CA,OR-US,SB-CA,SB-US,TF-US,BK-US
1,CONFIG,timeoutSetting,140000,180000,140000,140000,140000,140000,160000,140000,140000,140000,160000,140000,140000,140000,140000,140000,140000,140000,140000,140000,140000,140000,140000,140000,140000,140000,140000,160000
1,HOMEPAGE,closePopup,//button[@id='onetrust-reject-all-handler'],//button[@id='onetrust-reject-all-handler'],"//button[contains(@class,' banner-close-button')]",//button[@id='onetrust-reject-all-handler'],//button[@id='onetrust-reject-all-handler'],//button[@id='onetrust-reject-all-handler'],"//button[contains(@class,'banner-close-button')]",//button[@id='onetrust-reject-all-handler'],//button[@id='cboxClose']|//button[@id='onetrust-reject-all-handler'],//button[@id='onetrust-reject-all-handler'],//button[@class='country-chooser-formatter__close js-country-chooser-formatter-close'],"//button[contains(@class,'banner-close-button')]",,//button[@id='onetrust-reject-all-handler'],//button[@id='onetrust-reject-all-handler'],//button[@id='onetrust-reject-all-handler'],//button[@id='onetrust-reject-all-handler'],"//button[contains(@class,'banner-close')]",,"//button[contains(@class,'js-content-block')][1]",//button[@class='onetrust-close-btn-handler banner-close-button ot-close-icon'],"//button[contains(@class,'js-content-block-sitewide-banner-trigger')]",//button[@id='onetrust-reject-all-handler'],//button[@id='cboxClose'],//button[@id='cboxClose'],,//button[@id='onetrust-reject-all-handler'],//button[@id='cboxClose']
1,HOMEPAGE,closeSecPopup,"//button[contains(@class,'interstitial_close_cbox_close')]",,"//button[contains(@id,'cboxClose')]",,,,"//a[contains(@class,'close-link')]",,"//button[contains(@class,'block-sitewide')]","//button[contains(@id,'cboxClose')]",//div[@class='close-button js-close-signup-block jquery-once-1-processed'],,,,,"//button[contains(@class,'onetrust-close-btn-handler banner-close-button')]",,//button[@id='cboxClose'],,,"//button[contains(@class,'content-block-site')]",,,,"//button[contains(@id,'cboxClose')]",,,//button[@id='cboxClose']
1,HOMEPAGE,closeThirdPopup,,,,,,,,,,"//button[contains(@class,'content-block-sitewide-banner__trigger')]",,,,,,,,,,,,,,,,,,
1,GNAVHEADER,hoverSearchIcon,,,,,,"(//i[contains(@class,'icon icon--search')])[2]",,,,,,,,,,,,"//div[@id='gnav_wrapper']//div[contains(@class,'search-trigger')]",(//span[@class='menu__item-search-text'])[1],,//a[@class='header-search__icon mobile-hidden pc-search__icon'],,,,,,,//i[@class='icon icon--search']
1,GNAVHEADER,searchIcon,"//i[@class='icon icon--search']|//a[contains(@class,'site-header__menu-item js-site-header__menu-item')]","//i[@class='icon icon--search']|//a[contains(@class,'site-header__menu-item js-site-header__menu-item')]","//body[contains(@class,'device-mob')]//div[contains(@class,'search-icon jquery-once-1-processed')]|//body[contains(@class,'device-pc')]//label[@id='header_nav_section_label_3']","(//body[contains(@class,'device-mob')]//*[local-name()='svg' and @class='icon icon--search'])[1]|(//body[contains(@class,'device-pc')]//*[local-name()='svg' and @class='icon icon--search'])[2]","(//i[contains(@class,'icon icon--search')])[1]|//form[@id='perlgem-search-form']|(//i[contains(@class,'icon icon--search')])[1]","(//i[contains(@class,'icon icon--search')])[2]","//button[contains(@class,'js-gnav-search-button')]","//input[@data-test-id='SEA-Keyword-Text']|//button[contains(@class,'js-gnav-search-button')]","//span[contains(@class,'js-esearch-open-icon')]","//span[contains(@class,'js-esearch-open-icon')]","//div[contains(@class,'search-icon-wrapper')]/button[contains(@class,'js-gnav-search-button')]","//div[contains(@class,'js-icon-search elc-icon')]|//button[contains(@class,'js-gnav-search-button')]","//button[contains(@class,'js-gnav-search-button')]","//a[contains(@class,'js-gnav-util-trigger gnav-util__icon gnav-util__icon--search')]",div.js-icon-search,"//button[contains(@class,'js-gnav-search-button')]","//button[contains(@class,'js-gnav-search-button')]","//li[contains(@class,'menu__item--search')]",(//*[local-name()='svg' and @class='icon icon--search-large'])[1],(//*[local-name()='svg' and @class='js-esearch-nav__search svgicon svgicon--search--left'])[3],//a[@class='header-search__icon'],"//a[contains(@class,'header-search__icon mobile-hidden pc-search__icon')]","(//div[contains(@class,'gnav-util__content-icon')])[1]|(//form[@action='/esearch'])[2]","(//body[contains(@class,'-pc')]//div[contains(@class,'gnav-util__content-')])[1]|(//body[contains(@class,'-mobile')]//input[contains(@type,'search')])[2]","(//i[contains(@class,'icon icon--search')])[1]","//a[contains(@class,'gnav-util__icon--search')]","(//body[contains(@class,'device-mobile')]//child::button[@aria-label='Search'])[1]|(//body[contains(@class,'device-pc')]//child::button[@aria-label='Search'])[2]",//i[@class='icon icon--search']
1,GNAVHEADER,overlayInputField,"//input[contains(@class,'search-form__field search-term js-end-search-term')]","//input[contains(@class,'search-form__field search-term js-end-search-term')]",//input[@id='search'],"//input[contains(@class,'search-form__field search-term')][1]","//input[contains(@class,'esearch-nav__form-field search-term')]","//input[contains(@class,'esearch-nav__form-field search-term')]","//input[contains(@class,'js-input-search-field')]","//input[contains(@class,'js-input-search-field')]","//input[contains(@class,'esearch-nav__form-field search-term')]","//input[contains(@class,'esearch-nav__form-field search-term')]","//input[contains(@class,'js-input-search-field')]","//input[contains(@class,'elc-input-search-field')]","//input[contains(@class,'js-input-search-field')]","//input[contains(@class,'esearch-nav__form-field search-term')]",input[class*='js-input-search'],"//input[contains(@class,'js-input-search-field')]","//input[contains(@class,'js-input-search-field')]","//input[contains(@class,'esearch-nav__form-field search-term')]","//input[contains(@class,'esearch-nav__form-field search-term')]",//input[@placeholder='Search'],"//input[contains(@class,'header-search__field js-search-field')]","//input[contains(@class,'header-search__field js-search-field')]","//input[contains(@class,'gnav-search__field search-term search-term--header')][1]","//input[contains(@class,'gnav-search__field search-term search-term--header')][1]","//input[contains(@class,'esearch-nav__form-field search-term')]",//child::input[@id='search'],"(//body[contains(@class,'device-mobile')]//child::input[@name='search'])[1]|(//body[contains(@class,'device-pc')]//child::input[@name='search'])[2]",//input[@id='search']
1,SEARCHRESULTS,searchMessageOverlay,"(//div[contains(@class,'result search-suggestions__item')])[1]","(//div[contains(@class,'result search-suggestions__item')])[1]","//ul//a[contains(@class,'search-suggestions__link')]",//span[@class='search-summary'],"//ul[contains(@class,'see-results')]",//div[@class='sc-fzoMdx uYzkI elc-search-results-message-wrapper js-search-results-message-wrapper'],//div[@class='sc-fzoMdx uYzkI elc-search-results-message-wrapper js-search-results-message-wrapper'],"//p[contains(@class,'js-search-result-overlay-message')]","//ul[contains(@class,'see-results')]","//ul[contains(@class,'see-results')]","//p[contains(@class,'js-search-result-overlay-message')]",//div[@class='sc-fzoMdx uYzkI elc-search-results-message-wrapper js-search-results-message-wrapper'],//div[@class='sc-fzoMdx uYzkI elc-search-results-message-wrapper js-search-results-message-wrapper'],//li[@class='result search-suggestions__item first last'],"//p[contains(@class,'js-search-result-overlay-message')]","(//div[contains(@class,'sc-fzoMdx uYzkI')])[1]","//p[contains(@class,'js-search-result-overlay-message')]|(//div[contains(@class,'sc-fzoMdx uYzkI')])[1]","//ul[contains(@class,'see-results')]",(//a[@class='search-suggestions__link'])[2],"//ul[contains(@class,'esearch-nav-products')]",//span[@class='search-count'],"//span[contains(@class,'search-results')]",(//a[@class='typeahead-search__suggestion'])[1]|(//a[@class='typeahead-search__suggestion'])[2],"//div[contains(@class,'mobile-looking-for')][1]","//ul[contains(@class,'see-results')]",//a[@class='search-suggestions__link'],"//ul[contains(@class,'see-results')]","//*[contains(@class,'tem first last')]//a[@class='search-suggestions__link']"
1,SEARCHRESULTS,predectiveProduct,"//div[contains(@class,'esearch-nav-products')]|(//img[@class='esearch-product--typeahead__img  lazyloaded'])[2]","//div[contains(@class,'esearch-nav-products')]|(//img[@class='esearch-product--typeahead__img  lazyloaded'])[2]","(//img[contains(@class,'once-1-processed lazyloaded')])[1]|//li[contains(@class,'product-result first')]",(//img[@class='product__image'])[1],"(//div[contains(@class,'product-search-brief')])[1]","//div[contains(@class,'js-grid-item-product')][1]","//div[contains(@class,'js-grid-item-product')][1]","//div[contains(@class,'js-grid-item-product')]","//ul[contains(@class,'product-results')]|//div[contains(@class,'js-grid-item-product')]","//ul[contains(@class,'product-results')]|//div[contains(@class,'js-grid-item-product')]","//div[contains(@class,'js-grid-item-product')][1]","//div[contains(@class,'js-grid-item-product')]","//div[contains(@class,'js-grid-item-product')]","(//div[contains(@class,'result product--typeahead')])[2]","//div[contains(@class,'js-grid-item-product')]","(//div[contains(@class,'js-main-content-section')])[2]","//div[contains(@class,'js-grid-item-product')]","//div[contains(@class,'typeahead-wrapper')]|//div[contains(@class,'js-grid-item-product')]",//ul/div[@data-product-id='PROD94844'],"//div[contains(@class,'esearch-product__info')]",(//a[@class='header-search__result__link'])[5]|(//a[@class='header-search__result__link'])[1],"//div[contains(@class,'js-grid-item-product')]|//div[contains(@class,'header-search__result header-search__result')][1]",(//a[@class='product-brief__img-link js-spp-link'])[1]|(//div[@class='js-product product-brief'])[3],"(//img[contains(@class,'mobile-hidden jquery-once-1-processed lazyloaded')])[1]","(//div[contains(@class,'esearch-product esearch')])[1]|//div[contains(@class,'js-grid-item-product')]","//div[contains(@class,'product-results search-products')]","(//ul[contains(@class,'js-typeahead-product-results')])[1]|//div[contains(@class,'js-grid-item-product')]","//*[contains(@class,'product--typeahead first')]//div[@class='esearch-product__headline']"
1,MPP,cartPopupClose,"//button[contains(@id,'cboxClose')]","//button[contains(@id,'cboxClose')]","//button[contains(@id,'cboxClose')]","//button[contains(@id,'cboxClose')]","//button[contains(@id,'cboxClose')]","//button[contains(@id,'cboxClose')]","//button[contains(@id,'cboxClose')]","//button[contains(@id,'cboxClose')]","//button[contains(@id,'cboxClose')]","//button[contains(@id,'cboxClose')]","//button[contains(@id,'cboxClose')]","//button[contains(@id,'cboxClose')]","//button[contains(@id,'cboxClose')]","//button[contains(@id,'cboxClose')]","//button[contains(@id,'cboxClose')]","//button[contains(@id,'cboxClose')]","//button[contains(@id,'cboxClose')]","//button[contains(@id,'cboxClose')]","//button[contains(@id,'cboxClose')]","//button[contains(@id,'cboxClose')]","//button[contains(@id,'cboxClose')]","//button[contains(@id,'cboxClose')]","//button[contains(@id,'cboxClose')]","//button[contains(@id,'cboxClose')]","//button[contains(@id,'cboxClose')]","//button[contains(@id,'cboxClose')]","//button[contains(@id,'cboxClose')]",//button[@id='cboxClose']
1,MPP,quickShop,"(//a[contains(@data-test-id,'mpp_quickshop')])[1]|(//a[contains(@data-test-id,'mpp_quickshop')])[2]","(//a[contains(@data-test-id,'mpp_quickshop')])[1]|(//a[contains(@data-test-id,'mpp_quickshop')])[2]",,,,,(//button[@aria-label='Quick Shop'])[1],.js-product-quick-view-button,"//a[contains(@data-product-id,'PROD21568')]",,.js-product-quick-view-button,.js-product-quick-view-button,//button[@aria-label='Quick Shop'][1],//a[@data-test-id='mpp_quickshop'],"//div[contains(@class,'sc-qcrOD lgHeMB')]",(//button[@aria-label='Quick Shop'])[1],"(//button[contains(@aria-label,'Quick Shop')])[1]",//a[@data-test-id='mpp_quickshop'][1],//a[@data-test-id='mpp_quickshop'][1],,.js-product-quick-view-button,,,,"(//div[@class='product-brief__content']//a[contains(@data-test-id,'mpp_quickshop')])[1]",//a[@data-test-id='mpp_quickshop'][1],(//div[@data-test-id='mpp_quickshop'])[1],
1,MPP,firstProduct,"//div[contains(@class,'endeca-product-result--0 first')]","//div[contains(@class,'endeca-product-result--0 first')]","//div[contains(@class,'product-brief--animate-cta')][1]","//div[contains(@class,'product-brief--animate-cta')]",//div[@class='product-brief'][1],,"(//div[contains(@class,'js-product-brief')])[1]","//a[contains(@data-test-id,'clickable_wrapper')][1]","(//a[contains(@class,'product__image-link js-spp-link')])[2]","//div[contains(@class,'js-grid-item product')][1]",.js-product-images-wrapper,"(//div[contains(@class,'sc-pAwOa cZtXzG')])[1]","//div[contains(@class,'elc-grid-item-product js-grid-item-product js-grid-item')][1]","(//img[contains(@alt,'Body & Hair Oil')])[1]",.js-product-images-wrapper,"(//div[contains(@class,'js-main-content-section')])[1]","(//div[contains(@class,'elc-main-content-section js-main-content-section')])[1]","//div[contains(@data-product-id,'PROD94844')]",//div[@class='product-brief__container js-product-brief__container'][1],(//div[@class='esearch-product'])[1],"(//div[contains(@class,'product-brief product-brief-v2')])[4]","//div[contains(@class,'product-card-bg')][1]",,"//div[contains(@class,'js-product js-product-pr')][1]","//div[contains(@data-product-id,'PROD98055')][1]",//div[@class='js-product js-product-brief product-brief product-brief__container'][1],"//div[contains(@class,'product-brief__description')][1]",
1,MPP,searchAddToBag,//a[@aria-label='Add to Bag '][1],"//a[contains(@data-test-id,'add-to-cart')][1]",//a[@data-test-id='add-to-cart'][1],"(//body[contains(@class,'-mob')]//a[@data-test-id='add-to-cart'])[1]",//a[@data-test-id='add-to-cart'][1],,"//button[contains(@aria-label,'Add To Bag')][1]",,"//div[@class='product-full__add-to-bag']//a[contains(@class,'btn js-add-to-cart')]|(//a[contains(@class,'button js-add-to-cart')])[2]","//a[contains(@class,'js-add-to-cart')][1]","//button[contains(@data-test-id,'add_to_bag_btn')][1]",,,,(//button[@data-test-id='add_to_bag_btn'])[1],,,,,,,"//button[contains(@class,'add-to-bag')][1]",,//a[@data-test-id='add-to-cart'][1],,,,
1,MPP,searchPageProduct,,,,//a[@class='product-brief__headline-link js-spp-link'][1],,//a[@class='js-spp-link'][1],"(//a[contains(@data-test-id,'clickable_wrapper')])[1]","(//a[contains(@data-test-id,'clickable_wrapper')])[1]",,,,,,(//img[@class='product__image product__image--med'])[3],,,,,,//a[@class='product-brief__cta product-brief__cta--shop-now button js-spp-link'][1],"(//div[contains(@class,'product-brief product-brief-v2')])[4]",,"//a[contains(@class,'product-brief__title-link js-spp-link')]","(//a[contains(@class,'product-brief__title-link js-spp-link')])[2]",,//a[@class='js-spp-link link--plain'][1],"//div[contains(@class,'product-brief__description')][1]",(//div[@class='products__content results product-grid__content ']//div[@class='product-brief__name']//a[@class='js-spp-link'])[1]
1,MPP,searchPageProductMob,"//a[contains(@class,'js-spp-link product-brief__extras-link')]","//a[contains(@class,'js-spp-link product-brief__extras-link')]",,,,//a[@class='js-spp-link'][1],"//a[contains(@class,'display-name-wrapper')][1]","(//a[contains(@data-test-id,'clickable_wrapper')])[1]",,"//a[contains(@class,'product__image-link js-spp-link')]",,"//h4[contains(@class,'elc-product-subheader')][1]","//a[contains(@class,'name-wrapper')][1]",(//img[@class='product__image product__image--med'])[3],,,,,,//a[@class='product-brief__cta product-brief__cta--shop-now button js-spp-link'][1],"(//div[contains(@class,'product-brief product-brief-v2')])[4]","//a[contains(@class,'elc-clickable-wrapper js-clickable-wrapper')][1]","//a[contains(@class,'product-brief__title-link js-spp-link')]",,"//a[contains(@class,'shop-now')][1]",//a[@class='js-spp-link link--plain'][1],"//div[contains(@class,'product-brief__description')][1]",(//div[@class='products__content results product-grid__content ']//div[@class='product-brief__name']//a[@class='js-spp-link'])[1]
1,SPP,addToBag,"//a[contains(@data-test-id,'add-to-cart')][1]","//a[contains(@data-test-id,'add-to-cart')][1]",//a[@data-test-id='add-to-cart'][1],//a[@data-test-id='add-to-cart'][1],//a[@data-test-id='add-to-cart'][1]|//a[@data-test-id='add-to-cart'][1],(//a[@data-test-id='add-to-cart'])[5]|//div[@class='product-full__add-to-bag js-product-full-add-to-bag mobile-only'],(//button[@data-test-id='add_to_bag_btn'])[1],(//button[@data-test-id='add_to_bag_btn'])[1],"//div[@class='product-full__add-to-bag']//a[contains(@class,'btn js-add-to-cart')]|(//a[contains(@class,'button js-add-to-cart')])[2]","//div[contains(@class,'product__button--add-to-bag')][1]","//button[contains(@data-test-id,'add_to_bag_btn')][1]","(//button[@aria-label='Add To Bag'])[2]|//body[contains(@class,'pc')]//button[@aria-label='Add To Bag']","//body[contains(@class,'device-mobile')]//child::div[@id='sticky-add-to-bag-component']//button[@aria-label='Add To Bag']|//body[contains(@class,'device-pc')]//child::button[@aria-label='Add To Bag']","//a[contains(@data-test-id,'add-to-cart')]",(//button[@data-test-id='add_to_bag_btn'])[1],.elc-add-to-bag-button,.elc-add-to-bag-button,"//a[contains(@class,'button js-add-to-cart')]","//div[contains(@class,'product-add-to-cart')]",(//button[@data-test-id='add_to_bag_btn'])[1],"(//a[contains(@data-test-id,'add-to-cart')])[2]","//button[contains(@class,'add-to-bag')][1]|//a[contains(@class,'add-to-bag')][1]","(//a[contains(@class,'product-add-to-bag')])[1]","//a[contains(@class,'product-add-to-bag')][1]","//a[contains(@data-test-id,'add-to-cart')]|(//button[@aria-label='Add To Bag'])[5]",//div[@id='sticky-add-to-bag-component']//button[@data-test-id='add_to_bag_btn']|//a[@data-test-id='add-to-cart'],//a[@data-test-id='add-to-cart'],"//div[contains(@class,'product-full__buttons')]//a[contains(@class,'add-to-bag')]"
1,GNAVHEADER,bagProduct,"(//div[contains(@class,'js-cart-block-container')])[2]|//a[contains(@class,'button button--inverted button--full')][1]","(//div[contains(@class,'js-cart-block-container')])[2]|//a[contains(@class,'button button--inverted button--full')][1]",//div[@class='cart-product-name__header']|//div[@class='product_name cart-item__product-name']|//div[@class='cart-product-name__header'],//div[@class='cart-item__desc-container']|//div[@class='cart-products']|//a[@class='gnav-cart__link site-utils__link js-site_utils']|//div[@class='cart-item__desc-container'],"//a[contains(@class,'button cart-block__footer__button')][1]","//a[contains(@class,'button cart-block__footer__button')][1]",//div[@class='prod-info js-prod-info-offers']|//div[@class='prod-details'],.cart-confirm-wrapper h3 a,"//a[contains(@class,'gnav-util-cart__content-products-checkout-button btn')]|//span[contains(@class,'gnav-util-cart__count')]","//a[contains(@class,'gnav-util-cart__content-products-checkout-button btn')]",//div[@class='product-row js-product-row clearfix'],//div[@class='cart-confirm__description']|//div[@class='subtotal value order-summary__subtotal-value'],//div[@data-testid='cart-item-description']|//div[@class='cart-confirm__description']|//div[@class='info cart-item__desc-info js-cart-item-desc-info'],"//a[contains(@data-test-id,'cart_overlay_checkout')]",//div[@class='cart-item__desc-container']|//div[@class='checkout'],"//div[@class='checkout-table']|//div[contains(@class,'js-gnav-util-cart-notification-content')]","//div[@class='checkout-table']|//div[contains(@class,'js-gnav-util-cart-notification-content')]",.cart-item__subheading,"//div[contains(@class,'js-cart-block-items-all')]|//a[contains(@data-test-id,'cart_overlay_checkout')]",//a[@class='gnav-util-cart__content-products-checkout-button button button--dark'],(//div[@class='cart-product-quantity'])[1]|(//a[@class='btn site-bag__contents-checkout'])[1],//div[@class='sc-pZnSc jEfqsK elc-cart-item-panel js-cart-item-panel'],"//a[contains(@data-test-id,'cart_overlay_checkout')][1]","(//a[contains(@data-test-id,'cart_overlay_checkout')])[2]|(//div[@class='cart-item__info'])[3]","//div[@class='cart-block__items cart-block__items--all']|//a[contains(@data-test-id,'gnav_bag_checkout')]","//div[@class='info cart--item__desc-info']|//a[contains(@data-test-id,'gnav_bag_checkout')]",(//div[@class='cart-item__qty'])[2]|//div[@class='info cart--item__desc-info']|(//div[@class='cart-item__qty'])[2],//div[@data-testid='cart-item-description']
1,GNAVHEADER,cart,(//span[@class='gnav-util__icon__cart-count'])[2],(//span[@class='gnav-util__icon__cart-count'])[2],//a[@aria-label='Bag'],//*[local-name()='svg' and @class='icon icon--bag'],//span[@data-test-id='home_gnav_carticon'],//span[@data-test-id='home_gnav_carticon'],//*[local-name()='svg' and @aria-labelledby='gnav-cart-icon'],//*[local-name()='svg' and @aria-labelledby='gnav-cart-icon'],//span[@class='gnav-util-cart__count js-gnav-util-cart-count'],"//span[contains(@class,'gnav-util-cart-count')]",//div[@class='gnav-util gnav-util-cart js-gnav-util-cart cart-block--nonempty'],//span[@class='utility-nav__cart-icon'],.utility-nav__cart-icon,//*[local-name()='svg' and @class='icon icon--bag js-bag-icon'],(//a[@class='utility-nav__link js-utility-nav'])[3],//*[local-name()='svg' and @class='icon icon--bag'],//*[local-name()='svg' and @class='icon icon--bag'],(//span[@class='gnav-util__icon__cart-count'])[2],//*[local-name()='svg' and @data-test-id='home_gnav_carticon']|(//span[@class='gnav-util__bag-label'])[1],//span[@class='gnav-util-cart__count js-gnav-util-cart-count'],//span[@id='site-bag-count'],//span[@id='site-bag-count'],"(//span[contains(@class,'js-cart-count')])[2]","(//a[contains(@class,'utility-nav__cart-icon')])[2]",//i[@class='icon icon--bag'],//i[@class='icon icon--bag'],//div[@class='mobile-hidden']//a[@title='Cart'],//i[@class='icon icon--bag']
1,SPP,notifyMe,,,,,,,,,,,,,,,,,,,,,,,,,,,,
1,SPP,javaAlertPopupSearch,,,,,,,,,,,,,,,,,,,,,,,,,,,,
1,SEARCHRESULTS,searchResultLink,,,,,,,,,,,,,,,,,,,,,,,,,,,,
1,SEARCHRESULTS,noProductAvailable,,,,,,,,,,,,,,,,,,,,,,,,,,,,
1,ACCOUNTSIGNIN PAGE,clickElcEmployeeButton,,,,,,,,,,,,,,,,,,,,,,,,,,,,
1,ACCOUNTSIGNIN PAGE,bpAcEnterEmail,,,,,,,,,,,,,,,,,,,,,,,,,,,,
1,ACCOUNTSIGNIN PAGE,bpAcEnterPassword,,,,,,,,,,,,,,,,,,,,,,,,,,,,
1,ACCOUNTSIGNIN PAGE,bpAcSignInButton,,,,,,,,,,,,,,,,,,,,,,,,,,,,
1,VIEWCART,removeProduct,,,,,,,,,,,,,,,,,,,,,,,,,,,,
1,CONFIG,emulationDevice,iPhone X,iPhone X,iPhone X,iPhone X,iPhone X,iPhone X,iPhone X,iPhone X,iPhone X,iPhone X,iPhone X,iPhone X,iPhone X,iPhone X,iPhone X,iPhone X,iPhone X,iPhone X,iPhone X,iPhone X,iPhone X,iPhone X,iPhone X,iPhone X,iPhone X,iPhone X,iPhone X,iPhone X
1,COMMON,closePopupElem,//button[@id='onetrust-reject-all-handler'],//*[@id='onetrust-reject-all-handler'],//button[@id='onetrust-reject-all-handler'],//button[@id='onetrust-reject-all-handler'],//button[@id='onetrust-reject-all-handler'],//button[@id='onetrust-reject-all-handler'],//button[@id='onetrust-reject-all-handler'],//button[@id='onetrust-reject-all-handler'],//button[@id='onetrust-reject-all-handler'],//button[@id='onetrust-reject-all-handler'],,//button[@id='onetrust-reject-all-handler'],//button[@id='onetrust-reject-all-handler'],//button[@aria-controls='content_block_sitewide_banner_2'],,//button[@id='onetrust-reject-all-handler'],,//button[@id='onetrust-reject-all-handler'],(//button[@aria-label='Close'])[1],(//button[@aria-label='Close'])[1],//button[@id='onetrust-reject-all-handler'],//div[@id='content_block_sitewide_banner_1']/button,//button[@id='onetrust-reject-all-handler'],"//button[contains(@id,'cboxClose')]",,//button[@id='onetrust-reject-all-handler'],//button[@id='onetrust-reject-all-handler'],//button[@id='onetrust-reject-all-handler']
1,COMMON,closeSecPopupElem,"//button[contains(@class,'interstitial_close_cbox_close')]","//button[contains(@class,'interstitial_close_cbox_close')]","//button[contains(@class,'interstitial_close_cbox_close')]",//*[@class='ab-close-button'],"//button[contains(@class,'interstitial_close_cbox_close')]","//button[contains(@class,'interstitial_close_cbox_close')]",//*[@id='onetrust-reject-all-handler'],,"//button[contains(@id,'cboxClose')]","//button[contains(@id,'cboxClose')]",//div[@class='close-button js-close-signup-block jquery-once-1-processed'],"//button[contains(@class,'interstitial_close_cbox_close')]","//button[contains(@class,'interstitial_close_cbox_close')]",,,//*[@id='onetrust-reject-all-handler'],,(//button[@aria-label='Close'])[1],"//button[contains(@class,'interstitial_close_cbox_close')]",,//div[@id='content_block_sitewide_banner_1']/button,,,,,"//button[contains(@class,'interstitial_close_cbox_close')]",,"//button[contains(@class,'interstitial_close_cbox_close')]"
1,COMMON,closeThirdPopupElem,,,//*[@id='onetrust-reject-all-handler'],//*[@id='onetrust-reject-all-handler'],//*[@id='onetrust-reject-all-handler'],//*[@id='onetrust-reject-all-handler'],"//button[contains(@id,'cboxClose')]","//button[contains(@id,'cboxClose')]",//button[@class='content-block-sitewide-banner__trigger js-content-block-sitewide-banner-trigger'],//button[@class='content-block-sitewide-banner__trigger js-content-block-sitewide-banner-trigger'],,//button[@class='gnav-signup-overlay__close js-gnav-signup-overlay-close'],//*[@data-testid='join-loyalty-button-close'],,,//*[@id='content_block_sitewide_banner_1']/button,//*[@id='content_block_sitewide_banner_1']/button,"//button[contains(@id,'cboxClose')]","//button[contains(@id,'cboxClose')]",,,,,,,,,"//button[contains(@id,'cboxClose')]"
1,COMMON,randomPopupCloseElem,"//button[contains(@id,'cboxClose')]","//button[contains(@id,'cboxClose')]","//button[contains(@id,'cboxClose')]","//button[contains(@id,'cboxClose')]","//button[contains(@id,'cboxClose')]","//button[contains(@id,'cboxClose')]","//button[contains(@id,'cboxClose')]","//button[contains(@id,'cboxClose')]","//button[contains(@id,'cboxClose')]","//button[contains(@id,'cboxClose')]","//button[contains(@id,'cboxClose')]","//button[contains(@id,'cboxClose')]","//button[contains(@id,'cboxClose')]","//button[contains(@id,'cboxClose')]",,"//button[contains(@id,'cboxClose')]","//button[contains(@id,'cboxClose')]","//button[contains(@id,'cboxClose')]","//button[contains(@id,'cboxClose')]","//button[contains(@id,'cboxClose')]","//button[contains(@id,'cboxClose')]","//button[contains(@id,'cboxClose')]","//button[contains(@id,'cboxClose')]","//button[contains(@id,'cboxClose')]",,"//button[contains(@id,'cboxClose')]","//button[contains(@id,'cboxClose')]","//button[contains(@id,'cboxClose')]"
1,GNAVHEADER,gnavHeaderHoverSearchElem,,,,,,,,,//label[@for='gnav_util_trigger_search'],//label[@for='gnav_util_trigger_search'],,,,,,//div[@class='gnav-header-block__search']/div,//div[@class='gnav-header-block__search']/div,(//div[@class='menu__item-search-label js-nav-category-search-trigger'])[1],(//div[@class='menu__item-search-label js-nav-category-search-trigger'])[1],,,,,,,,(//div[@class='js-gnav-util gnav-util gnav-util--search'])[2],//a[@class='js-gnav-util-trigger gnav-util__icon gnav-util__icon--search']
1,GNAVHEADER,gnavHeaderSearchElem,//a[@aria-label='Search'],"//i[@class='icon icon--search']|//a[contains(@class,'site-header__menu-item js-site-header__menu-item')]",//label[@id='header_nav_section_label_3'],//label[@id='header_nav_section_label_3'],//input[@id='search'],//input[@id='search'],((//div[@class='gnav-block__courtesy-utilities'])/div[2])[1],((//div[@class='gnav-block__courtesy-utilities'])/div[2])[1],,,//button[@data-test-id='SEA-Icon'],"//div[contains(@class,'sd-search-gnav-input-field')]",(//button[@aria-label='Search Again'])[1],//div[@class='gnav-util gnav-util--search'],//input[@name='search-input-gnav'],,,,,(//*[@id='search_img_icon'])[3],//form[@id='perlgem-search-form'],//form[@id='perlgem-search-form'],,,,//div[@class='gnav-util gnav-util--search'],,
1,GNAVHEADER,gnavHeaderOverlayInputElem,"//input[contains(@class,'search-form__field search-term js-end-search-term')]","//input[contains(@class,'search-form__field search-term js-end-search-term')]",//input[@id='search'],//input[@id='search'],//input[@id='search'],//input[@id='search'],//input[@name='search-input'],//input[@name='search-input'],//input[@id='search'],//input[@id='search'],//input[@name='search-input'],//input[@name='search-input'],//input[@name='search-input'],//input[@id='search'],//input[@name='search-input-gnav'],//input[@name='search-input'],//input[@name='search-input'],//input[@id='search'],//input[@id='search'],//input[@id='search'],//input[@id='search'],//input[@id='search'],(//input[@type='search'])[1],(//input[@type='search'])[1],,//input[@name='search'],(//input[@name='search'])[2],//input[@id='search']
1,GNAVHEADER,mobGnavHeaderSearchElem,//a[@class='site-header__utility-item js-nav-content'],//a[@class='site-header__utility-item js-nav-content'],"(//div[contains(@class,'site-header-formatter__search-icon')])[1]","(//div[contains(@class,'site-header-formatter__search-icon')])[1]",//input[@id='search'],//input[@id='search'],((//div[@class='gnav-block__courtesy-utilities'])/div[2])[1],((//div[@class='gnav-block__courtesy-utilities'])/div[2])[1],//span[@class='site-header-formatter-search-input-field js-site-header-formatter-search-input'],//span[@class='site-header-formatter-search-input-field js-site-header-formatter-search-input'],//button[@data-test-id='SEA-Icon'],//div[@class='svg-icon-container'],//button[@aria-label='Search'],//div[@class='gnav-util gnav-util--search'],//button[@data-test-id='SEA-Icon'],//div[@class='gnav-header-block__search']/div,//div[@class='gnav-header-block__search']/div,//div[@class='site-header-formatter__utilities-item site-header-formatter__search-label'],//div[@class='site-header-formatter__utilities-item site-header-formatter__search-label'],//div[@class='js-esearch-icon gnav-esearch__icon'],//a[@data-test-id='gnav_search_icon'],//a[@data-test-id='gnav_search_icon'],,,,//div[@class='gnav-util gnav-util--search'],(//div[@class='js-gnav-util gnav-util gnav-util--search'])[1],//a[@title='Search']
1,GNAVHEADER,mobGnavHeaderOverlayInputElem,"//input[contains(@class,'search-form__field search-term js-end-search-term')]","//input[contains(@class,'search-form__field search-term js-end-search-term')]",//input[@id='search'],//input[@id='search'],//input[@id='search'],//input[@id='search'],//input[@name='search-input'],//input[@name='search-input'],//input[@id='search'],//input[@id='search'],//input[@name='search-input'],//input[@name='search-input'],//input[@name='search-input'],//input[@id='search'],//input[@name='search-input'],//input[@name='search-input'],//input[@name='search-input'],//input[@id='search'],//input[@id='search'],//input[@id='search'],//input[@id='search'],//input[@id='search'],(//input[@type='search'])[2],(//input[@type='search'])[2],,//input[@name='search'],(//input[@name='search'])[1],(//input[@id='search'])[2]
1,SEARCHRESULTS,searchGridMessageOverlayElem,"(//div[contains(@class,'result search-suggestions__item')])[1]","(//div[contains(@class,'result search-suggestions__item')])[1]",(//li[@class='result search-suggestions__item first last'])[2],(//li[@class='result search-suggestions__item first last'])[2],//a[@class='search-suggestions__link'],//a[@class='search-suggestions__link'],//p[@data-test-id='SEA-Display-Message-Overlay'],//p[@data-test-id='SEA-Display-Message-Overlay'],//a[@class='search-suggestions__link'],//a[@class='search-suggestions__link'],//p[@data-test-id='SEA-Display-Message-Overlay'],//p[@data-test-id='SEA-Display-Message-Overlay'],//p[@data-test-id='SEA-Display-Message-Overlay'],//li[@class='result search-suggestions__item first last'],//p[@data-test-id='SEA-Display-Message-Overlay'],//p[@data-test-id='SEA-Display-Message-Overlay'],//p[@data-test-id='SEA-Display-Message-Overlay'],(//a[@class='search-suggestions__link'])[1],(//a[@class='search-suggestions__link'])[1],,(//span[@class='search-count'])[2],(//span[@class='search-count'])[2],(//div[@class='mobile-looking-for'])[1],(//div[@class='mobile-looking-for'])[1],,//a[@class='search-suggestions__link'],(//a[@class='search-suggestions__link'])[2],//a[@class='search-suggestions__link']
1,SEARCHRESULTS,mobSearchGridMessageOverlayElem,"(//div[contains(@class,'result search-suggestions__item')])[1]","(//div[contains(@class,'result search-suggestions__item')])[1]",//li[@class='result search-suggestions__item first last'],//li[@class='result search-suggestions__item first last'],//li[@class='term result first last'],//li[@class='term result first last'],//p[@data-test-id='SEA-Display-Message-Overlay'],//p[@data-test-id='SEA-Display-Message-Overlay'],//a[@class='search-suggestions__link'],//a[@class='search-suggestions__link'],//p[@data-test-id='SEA-Display-Message-Overlay'],//p[@data-test-id='SEA-Display-Message-Overlay'],//p[@data-test-id='SEA-Display-Message-Overlay'],//li[@class='result search-suggestions__item first last'],//p[@data-test-id='SEA-Display-Message-Overlay'],//p[@data-test-id='SEA-Display-Message-Overlay'],//p[@data-test-id='SEA-Display-Message-Overlay'],//li[@class='result search-suggestions__item'],//li[@class='result search-suggestions__item'],,(//span[@class='search-count'])[1],(//span[@class='search-count'])[1],(//a[@class='typeahead-search__suggestion'])[2],(//a[@class='typeahead-search__suggestion'])[2],,//a[@class='search-suggestions__link'],(//a[@class='search-suggestions__link'])[1],(//a[@class='search-suggestions__link'])[2]
1,SEARCHRESULTS,searchGridPredictiveItemElem,"//div[contains(@class,'product--typeahead first')]//a[contains(@class,'image-link js-spp-link')]","//div[contains(@class,'product--typeahead first')]//a[contains(@class,'image-link js-spp-link')]",//li[@class='product product-result js-analytics-typeahead-product-result first'],//li[@class='product product-result js-analytics-typeahead-product-result first'],(//div[@class='product-brief__name js-product-name'])[1],(//div[@class='product-brief__name js-product-name'])[1],(//a[@data-test-id='clickable_wrapper'])[1],(//a[@data-test-id='clickable_wrapper'])[1],//li[@class='esearch-product esearch-product--typeahead result product product--typeahead first'],//li[@class='esearch-product esearch-product--typeahead result product product--typeahead first'],(//a[@data-test-id='clickable_wrapper'])[1],(//div[@class='elc-check-visibility js-check-visibility'])[1],(//div[@class='elc-check-visibility js-check-visibility'])[1],(//a[@class='product__image-link js-spp-link link--plain'])[1],(//div[@class='elc-check-visibility js-check-visibility'])[1],(//div[@class='elc-check-visibility js-check-visibility'])[1],(//div[@class='elc-check-visibility js-check-visibility'])[1],(//a[@class='product-image-link js-spp-link'])[1],(//a[@class='product-image-link js-spp-link'])[1],//*[@class='esearch-nav__suggestions-wrapper'],(//a[@class='header-search__result__image'])[5],,(//div[@class='js-product js-product-pr product-brief product-brief-v2'])[1],(//div[@class='js-product js-product-pr product-brief product-brief-v2'])[1],,(//div[@class='product-brief__image'])[1],"//li[contains(@class,'product--typeahead first')]",(//div[@class='endeca-product__image__container'])[1]
1,SEARCHRESULTS,mobSearchGridPredictiveItemElem,"//div[contains(@class,'esearch-nav-products')]|(//img[@class='esearch-product--typeahead__img  lazyloaded'])[2]","//div[contains(@class,'esearch-nav-products')]|(//img[@class='esearch-product--typeahead__img  lazyloaded'])[2]",//li[@class='product product-result js-analytics-typeahead-product-result first'],//li[@class='product product-result js-analytics-typeahead-product-result first'],(//div[@class='product-brief__name js-product-name'])[1],(//div[@class='product-brief__name js-product-name'])[1],(//a[@data-test-id='clickable_wrapper'])[1],(//a[@data-test-id='clickable_wrapper'])[1],//li[@class='esearch-product esearch-product--typeahead result product product--typeahead first'],//li[@class='esearch-product esearch-product--typeahead result product product--typeahead first'],(//a[@data-test-id='clickable_wrapper'])[1],"(//div[contains(@class,'elc-product-images-wrapper')])[1]","(//div[contains(@class,'elc-product-images-wrapper')])[1]",(//a[@class='product__image-link link--plain'])[1],"(//div[contains(@class,'elc-product-images-wrapper')])[1]",(//div[@class='elc-check-visibility js-check-visibility'])[1],(//div[@class='elc-check-visibility js-check-visibility'])[1],(//div[@class='product-brief__image'])[2],(//div[@class='product-brief__image'])[2],(//div[@class='esearch-product__image'])[1],(//a[@class='header-search__result__image'])[1],,//div[@class='product-grid__item js-grid-item js-product-grid-item first last'],//div[@class='product-grid__item js-grid-item js-product-grid-item first last'],,(//h3[@class='esearch-product__headline'])[1],(//li[@class='pc-hidden product result'])[1],//li[@class='esearch-product esearch-product--typeahead result product product--typeahead first']
1,SEARCHRESULTS,searchGridResultLinkElem,,,,,,,,,,,,,,,,,,,,,,,,,,,,
1,SEARCHRESULTS,searchGridItemUnavailableElem,,,,,,,,,,,,,,,,,,,,,,,,,,,,
1,SEARCHRESULTS,mobSearchGridResultLinkElem,,,,,,,,,,,,,,,,,,,,,,,,,,,,
1,SEARCHRESULTS,mobSearchGridItemUnavailableElem,,,,,,,,,,,,,,,,,,,,,,,,,,,,
1,PLP,plpFirstProductElem,"//div[contains(@class,'endeca-product-result--0 first')]","//div[contains(@class,'endeca-product-result--0 first')]",,,,,(//a[@data-test-id='clickable_wrapper'])[1],(//a[@data-test-id='clickable_wrapper'])[1],,,,(//a[@data-test-id='clickable_wrapper'])[2],(//a[@data-test-id='clickable_wrapper'])[2],(//a[@class='product__image-link js-spp-link'])[1],,(//a[@data-test-id='clickable_wrapper'])[2],(//a[@data-test-id='clickable_wrapper'])[2],"(//div[contains(@class,'product-brief--show-extras-panel-on-hover')])[1]",,,,,,,,(//div[@class='product-brief__image'])[1],,
1,PLP,plpQuickShopElem,,,,,,,(//button[@class='elc-product-quick-view-button js-product-quick-view-button'])[1],(//button[@class='elc-product-quick-view-button js-product-quick-view-button'])[1],,,,(//button[@aria-label='Quick Shop'])[1],(//button[@aria-label='Quick Shop'])[1],(//a[@data-test-id='mpp_quickshop'])[1],,(//div[@data-test-id='quickshop_button_feature']/button)[1],(//div[@data-test-id='quickshop_button_feature']/button)[1],(//a[@data-test-id='mpp_quickshop'])[1],,,,,,,,(//a[@data-test-id='mpp_quickshop'])[1],,
1,PLP,plpAddToBagElem,"//div[contains(@class,'endeca-product-result--0 first')]//a[@aria-label='Add to Bag '][1]","(//a[contains(@class,'add-to-bag js-add-to-cart js-product-cta')])[1]",,,,,,,,,,,,,,,,,,,,,,,,,,
1,PLP,plpPdpProductElem,,,(//a[@class='product-brief__headline-link js-spp-link'])[1],(//a[@class='product-brief__headline-link js-spp-link'])[1],,,,,,,,,,,,,,,(//div[@class='product-brief__container js-product-brief__container'])[1],"(//a[contains(@class,'product-brief__cta product-brief__cta--shop-now')])[1]",,(//div[@data-controller='image-error'])[5],,,,,(//div[@class='product-brief__image-wrapper'])[1],(//a[@class='product__image-link js-spp-link'])[1]
1,PLP,mobPlpFirstProductElem,,"//div[contains(@class,'endeca-product-result--0 first')]",(//a[@class='product-brief__image-link js-product-brief-image-link js-spp-link'])[1],(//a[@class='product-brief__image-link js-product-brief-image-link js-spp-link'])[1],,,,,,,,,,,,(//a[@data-test-id='clickable_wrapper'])[2],(//a[@data-test-id='clickable_wrapper'])[2],,,,,,,,,,,
1,PLP,mobPlpQuickShopElem,,,,,,,,,,,,,,,,(//div[@data-test-id='quickshop_button_feature']/button)[1],(//div[@data-test-id='quickshop_button_feature']/button)[1],,,,,,,,,,,
1,PLP,mobPlpAddToBagElem,,"(//a[contains(@class,'add-to-bag js-add-to-cart js-product-cta')])[1]",,,,,,,,,,,,,,,,,,,,,,,,,,
1,PLP,mobPlpPdpProductElem,,"//a[contains(@class,'js-spp-link product-brief__extras-link')]",,,,,,,,,,(//a[@data-test-id='clickable_wrapper'])[1],(//a[@data-test-id='clickable_wrapper'])[1],(//a[@class='product__image-link js-spp-link'])[1],,,,(//div[@class='product-brief__container js-product-brief__container'])[1],(//div[@class='product-brief__container js-product-brief__container'])[1],"(//a[contains(@class,'product-brief__cta product-brief__cta--shop-now')])[1]",,,,,,(//div[@class='product-brief__image'])[1],(//div[@class='product__image-link'])[1],(//a[@class='product__image-link js-spp-link'])[1]
1,PDP,pdpJavaAlertPopupElem,,,,,,,,,,,,,,,,,,,,,,,,,,,,
1,PDP,pdpAddToBagElem,"//div[contains(@class,'endeca-product-result--0 first')]//a[@aria-label='Add to Bag '][1]","(//a[contains(@class,'add-to-bag js-add-to-cart js-product-cta')])[1]",//div[@class='product-full__bag-btn js-product-full-bag-btn'],//div[@class='product-full__bag-btn js-product-full-bag-btn'],(//a[@data-test-id='add-to-cart'])[1],(//a[@data-test-id='add-to-cart'])[1],//button[@data-test-id='add_to_bag_btn'],//button[@data-test-id='add_to_bag_btn'],(//a[@class='button js-add-to-cart js-product-cta'])[1],(//a[@class='button js-add-to-cart js-product-cta'])[1],(//button[@data-test-id='add_to_bag_btn'])[1],//button[@data-test-id='add_to_bag_btn'],//button[@data-test-id='add_to_bag_btn'],//a[@data-test-id='add-to-cart'],(//button[@data-test-id='add_to_bag_btn'])[1],//button[@data-test-id='add_to_bag_btn'],//button[@data-test-id='add_to_bag_btn'],(//a[@data-test-id='add-to-cart'])[1],(//a[@data-test-id='add-to-cart'])[1],(//button[@data-test-id='add_to_bag_btn'])[1],(//a[@data-test-id='add-to-cart'])[5],(//a[@data-test-id='add-to-cart'])[1],(//a[@data-test-id='add-to-cart'])[1],(//a[@data-test-id='add-to-cart'])[1],,//a[@data-test-id='add-to-cart'],//div[@class='js-product-full-cta-button product-full__cta-button'],//div[@class='product-full__buttons js-product-full__buttons']
1,GNAVHEADER,gnavHeaderBagProductElem,(//a[@class='button button--inverted button--full'])[1],(//a[@class='button button--inverted button--full'])[1],//a[@class='gnav-cart__link site-utils__link js-site_utils'],//a[@class='gnav-cart__link site-utils__link js-site_utils'],(//span[@data-test-id='home_gnav_carticon'])[1],(//span[@data-test-id='home_gnav_carticon'])[1],//a[@aria-label='bag icon'],//a[@aria-label='bag icon'],//label[@for='gnav_util_trigger_cart'],//label[@for='gnav_util_trigger_cart'],//a[@id='gnav-util-label-cart'],//div[@class='utility-nav__cart-count page-utilities__cart-count'],//div[@class='utility-nav__cart-count page-utilities__cart-count'],(//a[@data-test-id='home_gnav_carticon'])[1],(//a[@class='utility-nav__link js-utility-nav'])[2],//a[@title='My Bag'],//a[@title='My Bag'],//div[@class='gnav-util gnav-util--cart gnav-util--cart--nonempty'],//div[@class='gnav-util gnav-util--cart gnav-util--cart--nonempty'],//label[@for='gnav_util_trigger_cart'],(//span[@id='site-bag-count'])[1],(//span[@id='site-bag-count'])[1],"(//a[contains(@class,'utility-nav__cart-icon')])[1]",(//a[@title='My Bag'])[1],,//a[@title='cart'],(//a[@title='Cart'])[2],//a[@class='js-gnav-util-trigger--cart-sidebar gnav-util__icon gnav-util__icon--cart']
1,GNAVHEADER,gnavHeaderCartElem,(//span[@class='gnav-util__icon__cart-count'])[1],(//span[@class='gnav-util__icon__cart-count'])[1],//a[@data-test-id='cart_overlay_viewcart'],//a[@data-test-id='cart_overlay_viewcart'],//a[@data-test-id='cart_overlay_checkout'],//a[@data-test-id='cart_overlay_checkout'],//a[@data-test-id='cart_overlay_checkout'],//a[@data-test-id='cart_overlay_checkout'],//a[@class='gnav-util-cart__content-products-checkout-button btn'],//a[@class='gnav-util-cart__content-products-checkout-button btn'],//a[@class='gnav-util-cart__content-products-checkout-button button button--dark'],//a[@class='cart-confirm__shade-button button--secondary button--dark'],//a[@class='cart-confirm__shade-button button--secondary button--dark'],//a[@data-test-id='cart_overlay_checkout'],//a[@class='button'],//a[@class='gnav-util-cart__content-products-checkout-button button button--dark'],//a[@class='gnav-util-cart__content-products-checkout-button button button--dark'],//a[@data-test-id='cart_overlay_checkout'],//a[@data-test-id='cart_overlay_checkout'],//a[@class='gnav-util-cart__content-products-checkout-button button button--dark'],(//span[@slot='button-drawer-cta-3'])[1],(//span[@slot='button-drawer-cta-3'])[1],(//a[@data-test-id='cart_overlay_checkout'])[2],(//a[@data-test-id='cart_overlay_checkout'])[2],,,(//a[@data-test-id='cart_overlay_checkout'])[2],//button[@data-test-id='sidebar_checkout']
1,PDP,pdpNotifyMeElem,,,,,,,,,,,,,,,,,,,,,,,,,,,,
1,PDP,mobPdpJavaAlertPopupElem,,,,,,,,,,,,,,,,,,,,,,,,,,,,
1,PDP,mobPdpAddToBagElem,(//a[@data-test-id='add-to-cart'])[1],"(//a[contains(@class,'add-to-bag js-add-to-cart js-product-cta')])[1]",(//a[@class='product__button button button--secondary product__button--add-to-bag js-add-to-cart js-product-cta'])[last()],(//a[@class='product__button button button--secondary product__button--add-to-bag js-add-to-cart js-product-cta'])[last()],(//a[@data-test-id='add-to-cart'])[1],(//a[@data-test-id='add-to-cart'])[1],(//button[@data-test-id='add_to_bag_btn'])[1],(//button[@data-test-id='add_to_bag_btn'])[1],(//a[@class='button js-add-to-cart js-product-cta'])[1],(//a[@class='button js-add-to-cart js-product-cta'])[1],(//button[@data-test-id='add_to_bag_btn'])[1],(//button[@data-test-id='add_to_bag_btn'])[2],(//button[@data-test-id='add_to_bag_btn'])[2],//a[@data-test-id='add-to-cart'],(//button[@data-test-id='add_to_bag_btn'])[1],//button[@data-test-id='add_to_bag_btn'],//button[@data-test-id='add_to_bag_btn'],(//a[@data-test-id='add-to-cart'])[1],(//a[@data-test-id='add-to-cart'])[1],(//button[@data-test-id='add_to_bag_btn'])[1],"(//a[contains(@class,'prod_life_of_product-2')])[1]",(//button[@data-product-target='addButton'])[1],(//a[@data-test-id='add-to-cart'])[1],(//a[@data-test-id='add-to-cart'])[1],,"//div[contains(@class,'elc-grid-column elc-sticky-menu-product-cta')]",(//div[@class='product-add-to-cart'])[1],//div[@class='product-full__buttons js-product-full__buttons']
1,GNAVHEADER,mobGnavHeaderBagProductElem,"(//div[contains(@class,'js-cart-block-container')])[2]|(//a[@class='button button--inverted button--full'])[2]",(//a[@class='button button--inverted button--full'])[2],//a[@class='gnav-cart__link site-utils__link js-site_utils'],//a[@class='gnav-cart__link site-utils__link js-site_utils'],(//div[@class='cart-block__content'])[2],(//span[@data-test-id='home_gnav_carticon'])[2],//a[@aria-label='bag icon'],//a[@aria-label='bag icon'],//label[@for='gnav_util_trigger_cart'],//label[@for='gnav_util_trigger_cart'],//a[@id='gnav-util-label-cart'],//div[@class='utility-nav__cart-count page-utilities__cart-count'],//div[@class='utility-nav__cart-count page-utilities__cart-count'],(//a[@data-test-id='home_gnav_carticon'])[1],(//a[@class='utility-nav__link js-utility-nav'])[2],//a[@title='My Bag'],//a[@title='My Bag'],//div[@class='site-header-formatter__utilities-item site-header-formatter__cart'],//div[@class='site-header-formatter__utilities-item site-header-formatter__cart'],//label[@for='gnav_util_trigger_cart'],//div[@class='product_name cart-item__product-name'],(//button[@data-cart-target='cartButton'])[1],"(//a[contains(@class,'utility-nav__cart-icon')])[1]","(//div[contains(@class,'gnav-util__content__inner cart-block-wrapper')])[2]",,//a[@title='cart'],(//a[@title='Cart'])[1],//a[@class='js-gnav-util-trigger--cart-sidebar gnav-util__icon gnav-util__icon--cart']
1,GNAVHEADER,mobGnavHeaderCartElem,(//span[@class='gnav-util__icon__cart-count'])[2],(//span[@class='gnav-util__icon__cart-count'])[2],//a[@data-test-id='cart_overlay_viewcart'],//a[@data-test-id='cart_overlay_viewcart'],//span[@data-test-id='home_gnav_carticon'],(//a[@data-test-id='cart_overlay_checkout'])[2],//a[@data-test-id='cart_overlay_checkout'],//a[@data-test-id='cart_overlay_checkout'],//a[@class='gnav-util-cart__content-products-checkout-button btn'],//a[@class='gnav-util-cart__content-products-checkout-button btn'],//a[@class='gnav-util-cart__content-products-checkout-button button button--dark'],//a[@class='cart-confirm__shade-button button--secondary button--dark'],//a[@class='cart-confirm__shade-button button--secondary button--dark'],//a[@data-test-id='cart_overlay_checkout'],//a[@class='button'],//a[@class='gnav-util-cart__content-products-checkout-button button button--dark'],//a[@class='gnav-util-cart__content-products-checkout-button button button--dark'],//a[@data-test-id='cart_overlay_checkout'],//a[@data-test-id='cart_overlay_checkout'],//a[@class='gnav-util-cart__content-products-checkout-button button button--dark'],(//a[@data-test-id='home_gnav_carticon'])[1],(//span[@slot='button-drawer-cta-3'])[1],(//a[@data-test-id='cart_overlay_checkout'])[2],(//a[@class='utility-nav__cart-icon gnav-util__icon js-gnav-cart-trigger'])[2],,,(//a[@data-test-id='cart_overlay_checkout'])[1],//button[@data-test-id='sidebar_checkout']
1,PDP,mobPdpNotifyMeElem,,,,,,,,,,,,,,,,,,,,,,,,,,,,
1,ACCOUNT,accountElcEmployeeElem,,,,,,,,,,,,,,,,,,,,,,,,,,,,
1,ACCOUNT,accountEmailElem,,,,,,,,,,,,,,,,,,,,,,,,,,,,
1,ACCOUNT,accountPasswordElem,,,,,,,,,,,,,,,,,,,,,,,,,,,,
1,ACCOUNT,accountSigninElem,,,,,,,,,,,,,,,,,,,,,,,,,,,,
1,ACCOUNT,mobAccountElcEmployeeElem,,,,,,,,,,,,,,,,,,,,,,,,,,,,
1,ACCOUNT,mobAccountEmailElem,,,,,,,,,,,,,,,,,,,,,,,,,,,,
1,ACCOUNT,mobAccountPasswordElem,,,,,,,,,,,,,,,,,,,,,,,,,,,,
1,ACCOUNT,mobAccountSigninElem,,,,,,,,,,,,,,,,,,,,,,,,,,,,
1,CART,cartRemoveProductElem,,,,,,,,,,,,,,,,,,,,,,,,,,,,
1,CART,mobCartRemoveProductElem,,,,,,,,,,,,,,,,,,,,,,,,,,,,
1,HOMEPAGE,mobHamburgerElem,,,,,,,,,//label[@id='gnav_mobile_trigger'],//label[@id='gnav_mobile_trigger'],,,,,,,,,,,,,,,,,,
1,HOMEPAGE,iFrameElem,,//iframe[@title='Modal Message'],,,,,,,,,//iframe[@title='Modal Message'],,,,,,,,,,,,,,,,,
1,HOMEPAGE,frameCloseElem,,//*[@aria-label='Close Message'],,,,,,,,,//*[@aria-label='Close Message'],,,,,,,,,,,,,,,,,
1,HOMEPAGE,mobIFrameElem,,//iframe[@title='Modal Message'],,,,,,,,,//iframe[@title='Modal Message'],,,,,,,,,,,,,,,,,
1,HOMEPAGE,mobFrameCloseElem,,//*[@aria-label='Close Message'],,,,,,,,,//*[@aria-label='Close Message'],,,,,,,,,,,,,,,,,
1,HOMEPAGE,waitTime,,,1000,,,,1000,,,,,,,,,,,,,1000,,,,,,,,
1,HOMEPAGE,frameWaitElem,,10000,,,,,,,,,20000,,,,,,,,,,,,,,,,,
